<?xml version="1.0" encoding="UTF-8"?>
<project version="4">
  <component name="AutoImportSettings">
    <option name="autoReloadType" value="ALL" />
  </component>
  <component name="ChangeListManager">
    <list default="true" id="cca921e1-ff3c-4252-ad95-7fcfdf121760" name="Changes" comment="">
      <change afterPath="$PROJECT_DIR$/snake_2203/client/client.go" afterDir="false" />
      <change afterPath="$PROJECT_DIR$/snake_2203/pkg/frame.go" afterDir="false" />
      <change afterPath="$PROJECT_DIR$/snake_2203/server/server.go" afterDir="false" />
      <change beforePath="$PROJECT_DIR$/game_danji/client/main.go" beforeDir="false" afterPath="$PROJECT_DIR$/game_danji/client/main.go" afterDir="false" />
      <change beforePath="$PROJECT_DIR$/go.mod" beforeDir="false" afterPath="$PROJECT_DIR$/go.mod" afterDir="false" />
      <change beforePath="$PROJECT_DIR$/go.sum" beforeDir="false" afterPath="$PROJECT_DIR$/go.sum" afterDir="false" />
    </list>
    <option name="SHOW_DIALOG" value="false" />
    <option name="HIGHLIGHT_CONFLICTS" value="true" />
    <option name="HIGHLIGHT_NON_ACTIVE_CHANGELIST" value="false" />
    <option name="LAST_RESOLUTION" value="IGNORE" />
  </component>
  <component name="FileTemplateManagerImpl">
    <option name="RECENT_TEMPLATES">
      <list>
        <option value="Go File" />
      </list>
    </option>
  </component>
  <component name="GOROOT" url="file://C:/Program Files/Go" />
  <component name="Git.Settings">
    <option name="RECENT_GIT_ROOT_PATH" value="$PROJECT_DIR$" />
  </component>
  <component name="ProjectId" id="2vqh12ZUcfWXyi2AzdfviYzqYN2" />
  <component name="ProjectViewState">
    <option name="hideEmptyMiddlePackages" value="true" />
    <option name="showLibraryContents" value="true" />
  </component>
  <component name="PropertiesComponent"><![CDATA[{
  "keyToString": {
    "DefaultGoTemplateProperty": "Go File",
    "RunOnceActivity.OpenProjectViewOnStart": "true",
    "RunOnceActivity.ShowReadmeOnStart": "true",
    "RunOnceActivity.go.formatter.settings.were.checked": "true",
    "RunOnceActivity.go.migrated.go.modules.settings": "true",
    "RunOnceActivity.go.modules.go.list.on.any.changes.was.set": "true",
    "WebServerToolWindowFactoryState": "false",
    "git-widget-placeholder": "master",
    "go.import.settings.migrated": "true",
    "go.sdk.automatically.set": "true",
    "last_opened_file_path": "E:/go_dingyuanguang/server-framework-development/go_shop",
    "node.js.detected.package.eslint": "true",
    "node.js.selected.package.eslint": "(autodetect)",
    "settings.editor.selected.configurable": "editor.preferences.fonts.default"
  }
}]]></component>
  <component name="RecentsManager">
    <key name="MoveFile.RECENT_KEYS">
      <recent name="E:\go_dingyuanguang\senior_dev\snake_problem\client" />
      <recent name="E:\go_dingyuanguang\senior_dev" />
    </key>
  </component>
  <component name="RunManager" selected="Go Build.go build main.go (1)">
    <configuration name="go build main.go (1)" type="GoApplicationRunConfiguration" factoryName="Go Application" temporary="true" nameIsGenerated="true">
      <module name="senior_dev" />
      <working_directory value="$PROJECT_DIR$" />
      <kind value="FILE" />
      <package value="senior_dev" />
      <directory value="$PROJECT_DIR$" />
      <filePath value="$PROJECT_DIR$/snake_problem/server/main.go" />
      <method v="2" />
    </configuration>
    <configuration name="go build main.go" type="GoApplicationRunConfiguration" factoryName="Go Application" temporary="true" nameIsGenerated="true">
      <module name="senior_dev" />
      <working_directory value="$PROJECT_DIR$" />
      <kind value="FILE" />
      <package value="senior_dev" />
      <directory value="$PROJECT_DIR$" />
      <filePath value="$PROJECT_DIR$/snake_problem/client/main.go" />
      <method v="2" />
    </configuration>
    <recent_temporary>
      <list>
        <item itemvalue="Go Build.go build main.go (1)" />
        <item itemvalue="Go Build.go build main.go" />
      </list>
    </recent_temporary>
  </component>
  <component name="SpellCheckerSettings" RuntimeDictionaries="0" Folders="0" CustomDictionaries="0" DefaultDictionary="application-level" UseSingleDictionary="true" transferred="true" />
  <component name="TypeScriptGeneratedFilesManager">
    <option name="version" value="3" />
  </component>
  <component name="VgoProject">
    <settings-migrated>true</settings-migrated>
  </component>
</project>